Model,P1,P2,P3,P4,P5,Topsis Score,Rank
M1,0.79,0.62,1.25,0.08,0.46,0.431265801410734,6
M2,0.66,0.44,2.99,0.59,0.22,0.512474707610543,3
M3,0.56,0.92,2.02,0.92,0.56,0.6877577499627613,1
M4,0.12,0.85,1.56,0.53,0.07,0.32863959838849055,8
M5,0.6,0.75,1.06,0.78,0.36,0.5080198468268123,4
M6,0.85,0.34,1.88,0.27,0.45,0.4818919110048294,5
M7,0.43,0.99,0.55,0.64,0.11,0.3825438115494907,7
M8,0.22,0.56,2.5,0.42,0.89,0.5862090565076433,2
